# qid	code (P218/P219/P220)	speakers (P1098)	dead	extinct	historical	constructed	fictional	dialect	dialectGroup	standard	langGroup	langFamily
Q19860	ine	3390000000									1	1
Q45961	sit	1470000000									1	1
Q7850	zh	1299877520									1	
Q1860	en	1132366680								1		
Q727694	cmn	897071810								1		
Q11051		490100000										
Q1321	es	485000000										
Q13955	ar	422000000								1		
Q25268	afa	400000000									1	1
Q33253		380000000									1	1
Q122602987	arb	335000000								1		
Q23526	sla	315000000									1	1
Q34090		300000000									1	1
Q38638470		300000000									1	1
Q49228	map	300000000									1	1
Q7976		300000000						1				
Q9610	bn	300000000										
Q110620923		270200000								1		
Q5146	pt	254300000										
Q144713		240000000									1	1
Q150	fr	208157220										
Q750553		204000000						1				
Q33311	dra	200000000									1	1
Q9240	id	198996550								1		
Q7737	ru	171428900										
Q5287	ja	128000000										
Q58635	pa	125000000										
Q17993025		110000000						1		1		
Q188	de	105000000										
Q29919	arz	100542400						1				
Q56356571		96308080										
Q1617	ur	94022900								1		
Q33549	jv	84308740								1		
Q1571	mr	83100000										
Q3197533	swh	82300000						1		1		
Q256	tr	82231620										
Q8097	te	82000000										
Q34290	wuu	81400000										
Q9176	ko	77300000										
Q9237	ms	77000000								1		
Q9199	vi	76000000										
Q2355546		75000000									1	1
Q5885	ta	75000000										
Q1194795		73212000							1		1	1
Q7033959	yue	73100000						1				
Q9186		72893210										
Q9168	fa	70000000							1		1	1
Q652	it	64819790										
Q135305	bh	63000000									1	1
Q145852		60000000									1	1
Q5137	gu	56400000										
Q3513637	pes	52800000						1				
Q33268	bho	52200000										
Q36495	nan	50100000										
Q34064		50000000									1	1
Q58680	ps	50000000										
Q33375	hak	48200000						1				
Q33655	pcm	47500000										
Q12632162		47000000									1	1
Q56479	cjy	46900000										
Q13201	rom	46000000										
Q34057	tl	45000000										
Q56593	apc	44000000										
Q56475	ha	43900000										
Q33673	kn	43600000										
Q56499	arq	42252851						1				
Q809	pl	40200000										
Q34311	yo	40000000										
Q742782		40000000									1	1
Q9217	th	40000000								1		
Q13220	hsn	37300000										
Q36236	ml	37100000										
Q13196	raj	36000000										
Q33864	om	36000000										
Q9292	az	35000000										
Q8798	uk	34710100										
Q33810	or	34500000										
Q36109	mai	33900000										
Q9228	my	32900000										
Q34002	su	32400000										
Q56573	apd	31900000						1				
Q946077		29000000									1	1
Q56426	ary	27500000						1				
Q18546266	nqo	27000000										
Q33578	ig	27000000										
Q9264	uz	27000000										
Q1066766	uzn	26912410						1				
Q28244	am	25000000										
Q33997	sd	25000000										
Q22809485	apc	24600000										
Q7913	ro	24300000										
Q33823	ne	24131000										
Q33454	ff	24000000										
Q7411	nl	23100000										
Q56592	aec	22400000						1				
Q33475	gan	22100000										
Q29579	awa	22000000										
Q36368	ku	21000000										
Q12642194	pbu	20900000						1				
Q33728	mag	20700000										
Q33902	skr	20009000						1				
Q36217	ln	20000000										
Q6429269		20000000						1				
Q9301	sh	19000000								1		
Q7930	mg	18138380										
Q2334789		18000000									1	
Q36778		18000000						1				
Q25448	ber	17000000									1	1
Q49741	tzm	17000000						1				
Q9205	km	16600000										
Q33158	hne	16300000										
Q13275	so	16200000										
Q13216	za	16000000										
Q9267	tk	16000000										
Q33239	ceb	15900000										
Q10179	zu	15700000										
Q56232	acm	15700000						1				
Q7838	sw	15437390										
Q13267	si	15300000										
Q29401	as	15300000										
Q262828		15000000						1				
Q33417	tts	15000000										
Q3449805	azb	15000000						1				
Q36094	kr	15000000										
Q36213	mad	15000000										
Q36510	el	15000000										
Q36163	kmr	14600000										
Q36129	fuv	14500000										
Q56608	acw	14500000						1				
Q29540	bar	14100000						1				
Q3123021		14000000									1	1
Q33410	bgc	14000000										
Q56312	mwr	14000000										
Q9260	tg	14000000						1				
Q2044560	syl	13980000										
Q33219		13500000						1				
Q9252	kk	13161980										
Q9129		13156880									1	1
Q33173	ctg	13000000										
Q34327	ts	13000000										
Q669431		12800000							1			
Q9067	hu	12600000										
Q33573	rw	12100000										
Q15065		12030000						1				
Q33273	ny	12000000										
Q55633582	ajp	11600000						1				
Q56240	aeb	11600000						1				
Q56578	ayn	11400000						1				
Q13218	xh	11000000										
Q28026	ak	11000000										
Q36457	mnp	11000000										
Q8641	yi	11000000										
Q16112855	pbt	10900000						1				
Q33583	rn	10800000										
Q9056	cs	10700000										
Q56579	acq	10500000										
Q13263	ug	10400000										
Q14196	af	10300000										
Q36455	cdo	10300000										
Q131339	gsw	10000000						1	1			
Q33413	mup	10000000										
Q178440	prs	9600000						1				
Q33491	ht	9600000										
Q633359	dhd	9600000						1				
Q9288	he	9303950										
Q15637215	knc	9270000										
Q9027	sv	9244250										
Q3515311	azj	9220610							1			
Q10961696	swc	9100000						1				
Q35936	ilo	9100000										
Q34004	sn	9023000										
Q33892	mun	9000000									1	1
Q7918	bg	9000000										
Q5218	qu	8900000									1	1
Q306626		8500000						1				
Q3307894	hmn	8400000										
Q35978	hil	8200000										
Q2356364	bfy	8000000										
Q33322		8000000									1	1
Q34152	shi	8000000										
Q9091	be	7900000										
Q65455884	rwr	7856410										
Q1468146		7800000									1	1
Q33049	bal	7600000										
Q36096	mos	7600000										
Q34124	ti	7507780										
Q33845	nap	7500000							1			
Q397	la	7500000	1		1							
Q33882	vmw	7430000										
Q34239	kok	7400000										
Q979914		7303740						1				
Q36811	ckb	7250000										
Q2293952		7247800									1	1
Q33965	sat	7200000										
Q33328		7000000									1	1
Q34138	tum	7000000										
Q6654	hr	7000000										
Q765922	sck	7000000										
Q9246	mn	7000000										
Q33552	ks	6900000										
Q665624		6800000						1				
Q8785	hy	6700000										
Q33587	ki	6623000										
Q5061628	pst	6520000						1				
Q34173	lua	6300000										
Q5972874		6200000									1	1
Q8748	sq	6200000									1	1
Q565110	nod	6029500										
Q1641150		6000000									1	
Q33474	lmn	6000000										
Q34340	st	6000000										
Q36806		6000000									1	1
Q36983	umb	6000000										
Q7258609		6000000						1				
Q9035	da	6000000										
Q9058	sk	6000000										
Q33860		5900000									1	1
Q36943	wal	5830000										
Q35853	kab	5586000										
Q13324	min	5530000										
Q2638144	suk	5430000										
Q25285	tt	5427318										
Q1412	fi	5413380										
Q9211	lo	5225552										
Q9043	no	5200000										
Q7026	ca	5100000										
Q382273		5065879										
Q34070	tup	5040000									1	1
Q33190	bug	5017800										
Q33702	kg	5016500										
Q122191294		5000000							1			
Q25433	nds	5000000							1			
Q2605943	wtm	5000000										
Q27387		5000000									1	1
Q2992857	mtr	5000000										
Q33014	bew	5000000										
Q4701277		5000000							1			
Q5555465	gpe	5000000										
Q710218		5000000						1				
Q71223		4900000						1				
Q17478066	gug	4850000						1				
Q33973	scn	4700000										
Q1757661		4600000									1	1
Q236425	paa	4600000									1	
Q33954	sg	4600000										
Q56546	czh	4600000										
Q9255	ky	4568480										
Q34137	tn	4500000										
Q35876	gn	4500000										
Q387066		4500000						1	1			
Q56508	sou	4500000										
Q3510366	ayh	4473000										
Q1420205	fuc	4450000										
Q242648		4400000							1		1	1
Q34174	rif	4399000										
Q56503	ayl	4320500						1				
Q25164	nn	4320000								1		
Q181059		4300000						1				
Q33243	bm	4200000										
Q1066787	uzs	4165700						1				
Q33368	lg	4100000										
Q33890	nso	4100000										
Q11732445	wry	4000000										
Q25167	nb	4000000						1		1		
Q33070	ban	4000000										
Q34159	tpi	4000000										
Q4627	ay	4000000										
Q56410	ksw	4000000										
Q9083	lt	4000000										
Q33754	lmo	3900000										
Q2574767	kam	3893000										
Q56231	mey	3763900										
Q34257	wo	3700000										
Q8108	ka	3700000										
Q5575236	gom	3633900						1				
Q33052	bem	3600000										
Q27683	ace	3500032										
Q33229	bhb	3310000										
Q36186	myq	3300000									1	
Q13356	mzn	3270000										
Q35939	jam	3200000										
Q32238	dag	3160000										
Q34279	war	3100000										
Q12952252	bgp	3050000						1	1			
Q10867404	msi	3000000						1				
Q1364815	kar	3000000									1	1
Q1496597	sdh	3000000										
Q168446		3000000							1			
Q180937	als	3000000						1				
Q1990745		3000000							1			
Q30005	ee	3000000										
Q33459	gbm	3000000										
Q3436689	bzs	3000000										
Q34831	abr	3000000										
Q36850	tw	3000000										
Q4274559		3000000						1				
Q5414796	luo	3000000										
Q56482	shn	3000000										
Q1775361	gon	2984453										
Q35570	fat	2800000										
Q6399808	khk	2704030						1				
Q32706	dyu	2700000										
Q33795		2700000									1	1
Q7598268	zgh	2700000								1		
Q35377	efi	2693000										
Q6433240	spv	2630000										
Q56497	shu	2600000						1				
Q33657	glk	2550000										
Q257829	bqi	2500000						1				
Q35455	bik	2500000									1	1
Q56583	cpx	2500000										
Q32641		2400000						1		1		
Q33990	sus	2400000										
Q9063	sl	2400000										
Q9307	gl	2400000										
Q3270727	cgg	2390000										
Q13207	nyn	2300000										
Q33274	shy	2300000										
Q33424	iba	2300000										
Q33529	kfy	2300000										
Q33398	haz	2221000						1				
Q516137		2150000						1			1	1
Q35107	bci	2100000										
Q35670	laj	2100000										
Q34014	ss	2034200										
Q1294047	sas	2000000										
Q143	eo	2000000				1						
Q15085	pms	2000000										
Q32724	vec	2000000										
Q32730	dgo	2000000										
Q33017	bbc	2000000										
Q33492	kru	2000000										
Q34235	ii	2000000										
Q34251	tcy	2000000										
Q35100	pcc	2000000										
Q35541	wes	2000000										
Q36486	shk	2000000										
Q36494	quc	2000000										
Q699284	sxu	2000000										
Q9296	mk	2000000										
Q8054983	zyb	1980000										
Q33291	fon	1935500										
Q13300	nah	1925620									1	
Q5648144		1920000						1				
Q2426319	bgq	1890815										
Q110276967		1800000						1				
Q3241177	rhg	1800000										
Q33202	brh	1800000										
Q33786	sid	1800000										
Q3438770	kai	1800000										
Q13175595		1700000						1				
Q35172	kde	1700000										
Q10199	zza	1640000										
Q1307730	quh	1616120										
Q102172	li	1600000										
Q27811	aa	1600000										
Q33522	kbd	1600000										
Q33643	mak	1600000										
Q35375	bin	1600000										
Q35513	igl	1600000										
Q35613	nd	1572800										
Q3111668	guw	1539000										
Q14549	sco	1500000										
Q19933293	lrc	1500000										
Q2511476	tyz	1500000										
Q33270	hoc	1500000										
Q3327828	unr	1500000										
Q33726	khn	1500000										
Q3502294	noe	1500000										
Q35147	quz	1500000										
Q35379	kmc	1500000										
Q35481	kbr	1500000										
Q56483	lki	1500000										
Q56601	khg	1500000										
Q8786		1500000						1				
Q9078	lv	1500000										
Q33223	brx	1482929										
Q2707343	sgw	1480000										
Q1199751	mfa	1470000						1				
Q33868	mni	1470000										
Q33010		1442389									1	1
Q100103	vls	1400000										
Q3502234	kxm	1400000										
Q180945	hyw	1395240						1				
Q33350	ce	1393900										
Q56466	din	1365900										
Q33678	mnk	1350000										
Q35394	rmt	1340000										
Q1057898	egl	1300000						1	1			
Q32704	ve	1300000										
Q33976	sc	1300000										
Q33348	cv	1279650										
Q34101	toi	1270000										
Q9072	et	1251770										
Q34065	tmh	1248200										
Q1040944		1200000						1				
Q13389	ba	1200000										
Q13634282	zeh	1200000						1				
Q2085051	tsc	1200000										
Q34271	bo	1200000										
Q34926	ach	1200000										
Q35022		1200000									1	1
Q36284	srr	1200000										
Q12953177	taj	1180000										
Q33025	bej	1178000										
Q12361545	ekk	1164770								1		
Q3236789	mtq	1140000										
Q35035	ajg	1133000										
Q1641543	rgn	1100000										
Q2891049	btm	1100000										
Q3196210		1100000						1				
Q33717	mdh	1100000										
Q33879	pag	1100000										
Q34142	tsg	1100000										
Q35159	dga	1100000										
Q36663	urh	1100000										
Q934541	hnm	1100000						1				
Q36660	snk	1096795										
Q33720	krj	1056093										
Q9142	ga	1030000										
Q3915909	zmi	1010000						1				
Q12952748	luz	1000000										
Q1517194	nub	1000000									1	1
Q23014	pfl	1000000										
Q2501174	gor	1000000										
Q33979	new	1000000										
Q35475	kbp	1000000										
Q36137	grt	1000000										
Q13192	qxq	995000										
Q3105505	haq	990000										
Q34233	ryu	984000										
Q4121131	nym	980000										
Q56622	drs	980000										
Q9309	cy	977366										
Q33332	kac	940000										
Q36045	its	940000										
Q33880	stv	935000										
Q35145	quy	918200										
Q3285748	mqy	900000										
Q33675	nus	900000										
Q56393		900000									1	1
Q6747931	mjl	900000										
Q6805114		900000						1				
Q695526		900000						1				
Q2992872	nij	890000										
Q35664	ktb	890000										
Q35373	kmz	886000										
Q35963	kea	871000										
Q5042987		870000						1				
Q56487	kfr	866000						1				
Q33584	kha	865000										
Q35028	bum	860000										
Q7121294	blk	860000										
Q33484	fan	858000										
Q1068112	xmm	850000										
Q13349	mnw	850000										
Q72695	nut	850000										
Q27175	fy	845100										
Q2407831	nia	825768										
Q2498808	ium	820000										
Q327274	swg	820000						1				
Q35331	gur	820000										
Q33900	ng	810000						1		1		
Q56509	adx	810000										
Q1262143	pga	800000										
Q34129	tig	800000										
Q36720	nup	800000										
Q18415595	dty	790000										
Q33800	mrw	780000										
Q56959	xal	780000										
Q36748	pnt	778000										
Q13214	zap	777000									1	1
Q29561	av	766500										
Q3450749	rki	765000						1				
Q34318	tly	764400										
Q56407	blt	760000										
Q1468128		750000									1	1
Q4446348		750000									1	1
Q8752	eu	750000										
Q33364	fvr	746000										
Q33287	gaa	745000										
Q28378	anp	740000										
Q56516	hni	740000										
Q2520717	rng	722000										
Q1353320	scl	720200										
Q13354	yua	706000										
Q32174903		700000						1				
Q3305477	gyn	700000										
Q34024	pcd	700000										
Q35602	hwc	700000										
Q35947	trp	700000										
Q36948	khb	700000										
Q934738	lic	700000										
Q3437661	ruf	692000										
Q35744	kri	692000										
Q626210	mgr	674000										
Q36503	fia	669000										
Q3788739	ksb	664000										
Q36556	tdd	650000										
Q3915207	tyr	650000										
Q33919	uki	645000										
Q2937525	cps	640000						1				
Q36785	nr	640000										
Q56390	ttq	640000										
Q31746	lez	633610										
Q6667767	rag	618300										
Q25325		612000									1	1
Q26245	rue	610000										
Q2361829	koo	609000									1	1
Q18398907		600000						1				
Q28038881		600000						1				
Q33012	btx	600000										
Q33628	loz	600000										
Q33661	mfe	600000										
Q34219	wa	600000										
Q35401	kaj	600000										
Q56643	ahk	600000										
Q7915983	vav	600000										
Q33968		599250										
Q33541	kaa	583410										
Q6480112	leb	580000										
Q35459	ewo	578000										
Q27776	ady	575900										
Q33538	syc	575000			1							
Q6432786	kfp	570000										
Q9166	mt	570000										
Q1256701	rmn	563670							1			
Q33357	crh	552740										
Q36363		550000									1	1
Q14185	oc	542000										
Q2669199	rmy	538480							1			
Q21083066		511000									1	1
Q1472421	fly	500000										
Q1772864		500000									1	1
Q213434	sgs	500000										
Q33339	pov	500000										
Q35115	cak	500000										
Q35743		500000							1			
Q36106	lij	500000										
Q36147	lus	500000										
Q36403	asa	500000										
Q36673	sda	500000										
Q4670066	taq	500000										
Q7260479	qxp	500000						1				
Q34934	awn	490000										
Q56310	kdt	488900										
Q3906614	mhr	482000						1				
Q1971400	adh	480000										
Q33335	kjg	480000										
Q35042	bfa	480000										
Q33715	kfq	478000										
Q49224	kge	470000										
Q973685	chm	470000										
Q2360396	bgx	464000							1			
Q34125	tet	463500										
Q20586099		460000									1	1
Q33595	irk	460000										
Q30319	szl	457900										
Q29507	ast	450000						1				
Q34299	sah	450000										
Q35780	lhu	450000										
Q35807	lob	440000										
Q34165		430000									1	1
Q36209	kum	426212										
Q34949	bsq	420000										
Q35536	kek	420000										
Q56477	lif	420000										
Q34011	sm	415720										
Q33989	srn	415700										
Q13284	srb	410000										
Q3507832	dyo	410000										
Q1775596	ibg	400000										
Q35999	anc	400000										
Q4175893	mrh	400000										
Q35614	dug	397000										
Q3501850	pbv	395124										
Q9051	lb	391200										
Q56411	bwx	390000										
Q30897993		385000									1	1
Q7673650	tap	382000										
Q46728	hif	380000										
Q33614	khi	370000									1	1
Q33178	wti	367000										
Q3192339	kyk	363000										
Q294	is	358000										
Q37010	ziw	355000										
Q241243	prv	354500						1				
Q3056339	rej	350000										
Q3196090		350000						1				
Q3200721	kxv	350000										
Q33948	msb	350000										
Q36809	tzo	350000										
Q56758	peg	350000										
Q35272	ank	347005										
Q35108	bcq	347000										
Q13359	xmf	345530										
Q20586081		341400									1	1
Q33295	fj	341270										
Q32656	dv	340500										
Q33120	bua	329000										
Q33000	bfi	327000										
Q32952	ccp	326000										
Q13238	udm	324000										
Q33509	inh	322900										
Q33856	pap	321300										
Q131745798		320000						1				
Q35318	ebu	320000										
Q36614	ann	318000										
Q3114653	zdj	312000						1				
Q33714	krc	310400										
Q2478711	nbf	310000										
Q56672	lot	310000										
Q7071227	nyd	310000										
Q13292	saz	300000										
Q1363072	gcr	300000										
Q2701322	osi	300000										
Q3112388	swi	300000										
Q3182585	smw	300000										
Q33441	fur	300000										
Q33730	arn	300000										
Q35268	ish	300000										
Q35403	jab	300000										
Q3914431	say	300000										
Q6935584	mnb	300000						1				
Q891085	guc	300000										
Q34119	tyv	297000										
Q35860	mde	296000										
Q33086	bft	290000										
Q938216	khw	290000										
Q56652	alw	287000										
Q1461092		286900							1			
Q7495	aiw	285000										
Q33302	fsl	283000										
Q36776		280000									1	1
Q760732	mne	280000										
Q7675751	twh	280000										
Q8072097	zib	280000										
Q7684177	tza	278000										
Q2850262	wni	275000						1				
Q37007	zag	274000										
Q36914	wss	273000										
Q36353	ssy	271180										
Q33370	jra	262800										
Q1751432	pdt	261000										
Q28433	njo	261000										
Q2736709	drt	255000						1			1	1
Q3912765	kcg	255000										
Q17522631	ngb	250290										
Q1160372	lzz	250000										
Q13301	naq	250000	1	1								
Q14759	ase	250000										
Q32145		250000						1				
Q3501903	eth	250000										
Q35317	eto	250000										
Q35735	gsc	250000						1				
Q56239	bde	250000										
Q56388	thz	250000										
Q1405077	kj	247000						1		1		
Q3053279	xbr	240000										
Q56624	kxc	240000										
Q33081	dz	237080										
Q33315	hz	237000										
Q29440	aii	232300						1				
Q1143040	enq	230000										
Q12633026	bto	230000										
Q33093	bas	230000										
Q56870	njz	230000										
Q15087	frp	227000										
Q237409	zea	220000						1				
Q36126	kv	219100										
Q16116629	bxr	219000										
Q2396970	guk	219000										
Q36098	lam	219000										
Q35132	ami	215000										
Q36451	mi	213849										
Q3915365	enn	211000										
Q2880037	bdr	210000										
Q56527	xan	210000										
Q12107	br	206000										
Q30007	ext	201500										
Q1324531		200000									1	1
Q149208	frs	200000										
Q16116337		200000									1	1
Q19894848		200000									1	1
Q3083213		200000						1				
Q32947	sce	200000										
Q33531	kfa	200000										
Q34018		200000									1	1
Q36212	ltg	200000						1				
Q3914920	yba	200000										
Q667747	fip	195000										
Q6821677	mvz	195000										
Q5111	ab	190110										
Q35490	cab	190000										
Q34094	to	186010										
Q13257	uum	185000										
Q16116327		184500									1	1
Q4958328		183000						1				
Q133872420		180272						1				
Q1516803	miq	180000										
Q27475	ath	180000									1	1
Q3073428	kvk	180000										
Q33617	ho	180000										
Q35179	ctu	180000										
Q5317225	dtp	180000										
Q6480777	slp	180000										
Q7987774	dnw	180000										
Q33590	njh	179467										
Q15407179	thk	176000										
Q3440432	cla	176000										
Q33960	ski	175000										
Q36803	tsz	175000										
Q36840	tsj	175000										
Q1268244	rsb	170000										
Q35168	qus	170000										
Q13310	nv	169369										
Q4914553	bkd	168234										
Q5616512		167000						1				
Q1843468	hns	165000										
Q3258739	dop	160000										
Q32924	bdq	160000										
Q6430753	kqy	159200										
Q4121130	kdn	157000										
Q34114	kpv	156000										
Q6522666	leh	156000										
Q5972894		155000									1	1
Q36206	lbe	154820										
Q34214	mjg	152000										
Q33111	co	151000										
Q12952596	kyu	150000										
Q13357	fit	150000						1				
Q2328761	mhy	150000										
Q29490	bno	150000										
Q3244184	aig	150000										
Q32480	mki	150000										
Q35573	hus	150000										
Q36149	mzb	150000										
Q36612	xsr	150000										
Q5045611	rmc	150000							1			
Q5614980	ngu	150000										
Q62997793	esg	150000										
Q33457	gag	148720										
Q22711	pdc	148000										
Q67093214	mve	146000										
Q7042633	nka	146000										
Q16114351	pua	140000										
Q3160720		140000						1				
Q33677	pbb	140000										
Q36151	jbn	140000										
Q3833010		140000									1	1
Q56677	anu	140000										
Q3513320	pmf	137000										
Q36196	lad	137000									1	1
Q27602	mrr	134000										
Q33205	bfq	134000										
Q113411077		133000										
Q7193332	ngp	132000										
Q35774	mgm	130000										
Q529921	tan	130000										
Q7208577	pof	130000										
Q3250286	cnh	125000										
Q2067656	end	124000										
Q35708	kus	121000										
Q11073393		120000						1				
Q13210	rsl	120000										
Q33153	cyo	120000										
Q3545044	kkh	120000										
Q6740513	ymk	119700										
Q37059	bpy	117500										
Q35296	etu	116700										
Q30898	gil	116280										
Q3409819	qul	116000										
Q29316	rup	112960										
Q56703	thv	112900										
Q129431		110000						1		1		
Q1363055	bzj	110000										
Q2071325	kkv	110000										
Q2319877	hvn	110000										
Q3147383	ibl	110000										
Q3571351	yka	110000										
Q3571364	yky	110000										
Q44268		108469						1				
Q33690	csb	108000										
Q56495	jdt	106000						1	1			
Q17522635	nbw	105000										
Q2697010	ljl	105000										
Q4418344	sty	101000										
Q1075302	aae	100000						1				
Q11130292	nto	100000										
Q12237465		100000						1				
Q1393074		100000									1	1
Q3027861	osd	100000						1				
Q3042206	wmw	100000										
Q33623	iro	100000									1	1
Q33850	nrf	100000							1			
Q34738	adj	100000										
Q35727	fng	100000										
Q36568	dsq	100000										
Q4198970		100000						1				
Q4699526	lrl	100000							1			
Q5228140	fay	100000										
Q612220	sdn	100000						1				
Q6393846	ked	100000										
Q7022396	niy	100000										
Q7675773	tjl	100000										
Q845441	sdc	100000						1				
Q4684505	adr	98000										
Q779632	cwe	98000										
Q29952	myv	96860										
Q32430	dta	96085										
Q715755	pwn	96000										
Q2872082	auh	95200										
Q7690594	tbl	95000										
Q795327	mdy	94700										
Q34767	abu	93000										
Q56531	bst	92600										
Q35528	ixl	92000										
Q12953610	kft	91000										
Q2963607		91000										
Q56795	omi	91000										
Q2665246	trw	90000										
Q3162809		90000						1				
Q33779	srm	90000										
Q33871	nog	87119										
Q3092284	mlm	86000										
Q36705	sth	86000						1				
Q56744	sjs	86000										
Q25946		85000									1	1
Q34015	crs	85000										
Q35737	jge	85000										
Q56728	zai	85000										
Q34040	tru	84000										
Q56348	yim	83259										
Q2857892	adl	80597										
Q2395329		80000						1				
Q35284	cia	80000										
Q35359	auv	80000						1				
Q36179	nrb	80000										
Q3914924	ngi	80000										
Q4902547	byk	80000										
Q56594	atb	80000										
Q715766	tay	80000										
Q11732610	sbm	79000										
Q7130477	cts	78000										
Q3440381	wji	77700										
Q34079	tab	75079										
Q12533442		75000						1				
Q17523697	jjr	75000						1				
Q3593745		75000						1				
Q35990	lep	75000										
Q9003980		75000									1	1
Q32762	vro	74499						1				
Q3437230	cni	73567										
Q2391297	emp	72000										
Q663586	agi	72000										
Q34999	bji	70100										
Q12811566		70000										
Q17523694	jgk	70000										
Q2592378	xsb	70000										
Q33963	slr	70000										
Q35285	sip	70000										
Q36011	mbo	70000										
Q3914436	dbd	70000										
Q4155022	drw	70000						1				
Q56491	byn	70000										
Q36536	cri	69899										
Q25258	fo	69150										
Q3032135	gwd	69000										
Q34128	ty	68000										
Q1185114	wlo	65000										
Q20527417	bxu	65000										
Q36276	bzy	65000										
Q56809	gdl	65000										
Q7194057	dbm	65000										
Q34053	sgh	64800										
Q33262	ch	64300										
Q35691	liq	64000										
Q56318	koi	63100										
Q36287	jgo	63000										
Q542564	raw	63000										
Q6746004	mqx	63000										
Q1815205	tca	61000										
Q35870	ksd	61000										
Q36280	mh	61000										
Q37011	zom	61000										
Q56637	dsh	60500										
Q9314	gd	60130										
Q11732256	jvn	60000						1				
Q1516651	nxg	60000										
Q33367	jpr	60000							1			
Q3438705	nbh	60000										
Q34930	ksf	60000										
Q35466	rmq	60000										
Q3914415	wja	60000										
Q56469	bhh	60000						1				
Q7967085	nnp	59154										
Q12952800	msk	58000										
Q1817969		58000						1				
Q1526530	agr	56584										
Q25355	kl	56200										
Q1991779	alt	55720										
Q205143	aus	55695									1	1
Q216286	bsk	55000										
Q7187109	phg	54416										
Q7557754	sby	54400										
Q33455	klj	53900										
Q56621	wbj	53000										
Q33161	chk	51330										
Q11732345	kcz	51000										
Q2475746		51000									1	1
Q2669235	smk	51000										
Q34781	abi	51000										
Q56596	jye	50300										
Q1344966		50000									1	1
Q2295569	nxe	50000										
Q3349803		50000						1				
Q4901287	bha	50000										
Q513736	rml	50000							1			
Q63313668	uth	50000										
Q6787447	mbt	50000										
Q7809425	tiy	50000										
Q11059	sa	49736			1							
Q2691548	mhw	49710										
Q27567	abq	48000										
Q35575	hch	47625										
Q34203	rys	47600										
Q36757	rut	47400										
Q1089151	sci	46000										
Q106518718		45000							1			
Q33826		45000										
Q6448634	kdc	45000										
Q34903	bmi	44800										
Q35243	bra	44000							1			
Q29292	agj	43700										
Q2740011		43500						1	1			
Q35233	cac	43370										
Q7675121	bgs	43000										
Q33575	kjh	42604										
Q12637238	bxm	42500										
Q36639	tuq	42500										
Q3518492	tft	42000										
Q36388	kcn	42000										
Q33050	dng	41400						1				
Q30895974		41000									1	1
Q4117169		41000						1				
Q788423	rwm	40100										
Q13199	rm	40039										
Q11001650	bau	40000										
Q12952581	kvq	40000										
Q29379	ask	40000										
Q3113756	tob	40000										
Q3195346	xxk	40000										
Q33385	geh	40000						1				
Q33733	hac	40000										
Q34016	sad	40000										
Q35492	qub	40000										
Q375619	ise	40000										
Q6047309	nhn	40000										
Q944056		40000									1	1
Q953082	uuu	40000										
Q29921	iu	39770										
Q36047	mkl	39600										
Q33516	meu	39000										
Q56729	mfy	39000										
Q7401601		39000						1				
Q36560	kkw	38800										
Q112744654		38000						1				
Q56505	bnn	38000										
Q3441293	dot	37582										
Q3438325	bqn	37000										
Q35156	caq	37000										
Q3972914		37000						1				
Q7116251	oyd	37000										
Q5091700	cdm	36807										
Q5996114	ntk	36000										
Q7511556	poi	36000										
Q33557	krl	35600										
Q97226907		35500						1				
Q115614914	baz	35300									1	
Q3362086	slm	35000										
Q36632	tvu	35000										
Q4476841		35000						1				
Q617291	jiv	35000										
Q2671988	shp	34152										
Q56699	crk	34000										
Q3200624	kxl	33700										
Q1192295	ktz	33600										
Q35098	bsc	33600										
Q33393	jac	33000										
Q35491	inb	33000										
Q2928650	mhs	32980										
Q36946	wba	32800										
Q35164	ddn	32050										
Q36428	bri	32000										
Q7821200	tny	31600										
Q36374	nzy	31500										
Q36641		31000							1			
Q33362	jun	30875										
Q36584	olo	30770										
Q13223	sjo	30000										
Q1776032	mrj	30000						1				
Q3092293	mmd	30000										
Q3327445	adz	30000										
Q3503454	nag	30000										
Q35112	qvc	30000										
Q35177	caa	30000										
Q36202	lld	30000										
Q3914907	tul	30000										
Q43328	mkf	30000										
Q4850053	blz	30000										
Q5753411	mba	30000										
Q6346422	cgc	30000										
Q6493203	lsi	30000										
Q6899857	mnz	30000										
Q79388		30000						1				
Q36498	agx	29300										
Q28422	pon	29000										
Q2891938	sne	29000										
Q7506812	snp	29000										
Q3319155	wlc	28700						1				
Q3025610	tmw	28000										
Q5614751	zab	28000										
Q6298648	lbo	28000										
Q1142333	tlb	27720										
Q30004	evn	27500										
Q33569	haw	27200										
Q3399642	agd	27000										
Q8836490	bdp	27000										
Q36570	tda	26900										
Q11732616		26000									1	1
Q523823	led	26000										
Q56733	lel	26000										
Q56800	gnd	26000										
Q33626	har	25810										
Q33947	se	25700										
Q12473441	mhp	25000										
Q2411063	pip	25000										
Q2479725	lmy	25000										
Q3332062	aol	25000										
Q33942		25000									1	1
Q3438350	cfa	25000										
Q3441595	gah	25000										
Q36699	pis	25000										
Q56463	smi	25000									1	1
Q585704		25000						1				
Q3447440	bwc	24800										
Q4286473	mql	24500										
Q2605045	bsh	24200										
Q36452	yrk	24000									1	
Q5288055	doe	24000										
Q7500203	sle	24000										
Q8053347	yey	24000										
Q34208	wbl	23681										
Q34914	bff	23500										
Q2669193	guh	23006										
Q11732489	xma	23000										
Q3450578	bld	23000										
Q36853	tkr	23000										
Q56235	anm	23000										
Q56272	bcw	23000										
Q152965	sli	22900						1				
Q680517	wae	22780										
Q1845148	dhm	22000										
Q6694075		22000									1	1
Q2820163	abx	21400										
Q3322112	csg	21000										
Q3402113		21000									1	1
Q8046690	ygr	21000										
Q2744745	gum	20782										
Q33875	oj	20470										
Q12179298		20000									1	1
Q2784033	dun	20000										
Q3195555		20000						1				
Q33796		20000						1				
Q34849	ani	20000										
Q3503403	szn	20000										
Q35110	bvb	20000										
Q3512690	mky	20000										
Q35519	quf	20000										
Q35679	kfc	20000										
Q35719		20000						1				
Q3914879	kcq	20000										
Q3915785	nuo	20000										
Q4113624		20000						1				
Q4400023		20000						1				
Q530384	dak	20000										
Q56586	oua	20000										
Q56811	kna	20000										
Q6488691	lrt	20000						1				
Q716686	trv	20000										
Q7599417	hca	20000										
Q8765	an	20000										
Q35123	dox	19020										
Q3304803	mek	19000										
Q35357		19000						1				
Q10576453	mju	18964										
Q7692927	maa	18900										
Q56681	xom	18530										
Q56724	mpe	18500										
Q56893	kie	18500										
Q3501751	mfh	18000										
Q35299	dow	18000										
Q4170719	snc	18000										
Q5160	alu	18000										
Q36745	rar	17500										
Q56994	bwe	17200										
Q3327367	alp	17000										
Q33776	pau	17000										
Q21117	esu	16900										
Q3915212	kcu	16400										
Q8048928	guu	16200										
Q1365342	yec	16000										
Q32904		16000										
Q3314742	ter	16000										
Q33873	srh	16000										
Q8054343	yog	16000										
Q3039319	dhv	15949										
Q34075	swb	15200						1				
Q11732670	tby	15000										
Q13330	mwl	15000										
Q2393095	ood	15000										
Q3052039	cto	15000										
Q33225	fse	15000										
Q34067	sva	15000										
Q3514481	yli	15000										
Q35568	ldm	15000										
Q35880	qvs	15000										
Q36763	pmt	15000										
Q3695193	xkz	15000										
Q56381	klr	15000										
Q7987643	mbb	15000										
Q35833	lbj	14952										
Q36375	pug	14300										
Q56406	duu	14225										
Q1526525	cbt	14000										
Q1544537		14000									1	1
Q34862	bgj	14000										
Q4748974	uhn	14000										
Q7336938	riu	14000										
Q2070591		13900						1				
Q3382207	pid	13770										
Q28060	apw	13445										
Q13248	hsb	13300										
Q2597566		13200										
Q16395871		13154						1				
Q3196527	kzg	13100										
Q56747	gha	13100										
Q11732219	ghs	13000										
Q33255		13000									1	1
Q34055	tvl	13000										
Q3450493	wap	13000										
Q3507506	csq	13000										
Q36964	qux	13000										
Q3915502	kht	13000										
Q3915595	yul	13000										
Q3915466	sqs	12800										
Q3501553	ssn	12600										
Q34017		12549						1				
Q7502	abm	12500										
Q34033	ddo	12467										
Q12175	gv	12350										
Q33388	chr	12300										
Q2603103	kwi	12055										
Q18642798	mbf	12000										
Q2669261	aut	12000										
Q27927	aib	12000						1				
Q3033575	mqs	12000										
Q34247	yai	12000										
Q3441324	bbt	12000										
Q3447258	szw	12000										
Q3542085	lcm	12000										
Q3574028		12000						1				
Q4783889	atq	12000										
Q4914533	bne	12000										
Q24265554		11922						1				
Q6558753	lcl	11900										
Q34196	wbk	11500										
Q4763995		11500						1				
Q56301	dbp	11400										
Q27692	chp	11325										
Q13351	moe	11000										
Q300402	fax	11000										
Q3438747	kuh	11000										
Q33390	cr	10875										
Q6393217	kuk	10600										
Q7144242	ptn	10600										
Q49232	dru	10500										
Q56494	ojs	10500										
Q35091	agu	10100										
Q11003439	deq	10000										
Q1185127	lou	10000										
Q164854		10000						1		1		
Q19841092	scp	10000										
Q2093214	rmf	10000						1				
Q2196866	ple	10000										
Q2449549	phl	10000										
Q2591329	cbi	10000										
Q28224	frr	10000										
Q2840988	ryn	10000										
Q2984540	lur	10000						1				
Q3135426	sea	10000										
Q32983	peh	10000										
Q33426	huy	10000										
Q33790	niu	10000										
Q3474222	ojw	10000										
Q3502264	kot	10000										
Q35452	bi	10000										
Q3572020	yva	10000										
Q35861	kry	10000										
Q427614	lms	10000						1				
Q4448432		10000						1				
Q4923846	beu	10000										
Q5397551	mcq	10000										
Q56611	car	10000										
Q56992	tnf	10000						1				
Q6441341	kvb	10000										
Q713643	kth	10000										
Q7572120	ssq	10000										
Q7908480	vgr	10000										
Q85132032		10000						1				
Q35586	kxb	9920										
Q3450481	cjo	9881										
Q7494785	sdp	9663										
Q10188	zun	9650										
Q3113762		9650									1	1
Q36962	xav	9600										
Q56633	mbc	9600										
Q33563	kca	9584									1	1
Q12952582	kvt	9550										
Q33894	gwt	9500										
Q13307	na	9300										
Q14352960	kxk	9300										
Q386288		9230									1	1
Q32979	cho	9200										
Q6794475	mav	9200										
Q10134	tlh	9000				1	1					
Q12107580		9000						1				
Q2567942	bfw	9000										
Q3027879	lbc	9000										
Q35463	aaa	9000										
Q36432	saf	9000										
Q36754	rtm	9000										
Q7928151	vid	9000										
Q63213931	hkk	8770										
Q3338052	nen	8700										
Q1965222	mlw	8500										
Q716690	pyu	8500										
Q56742	nfl	8400										
Q13321	mic	8270										
Q3507211	tjo	8100										
Q1068097	opm	8000										
Q126708732		8000						1				
Q1526037	hub	8000										
Q32689	prn	8000										
Q33464	kos	8000										
Q34333	yrl	8000										
Q3441315	pqa	8000										
Q36558	swl	8000										
Q36867	udi	8000										
Q56640		8000						1				
Q63257089	kkf	8000										
Q6359001	kgq	8000										
Q3515594	txn	7910										
Q2669188	app	7800										
Q36648	tcs	7800										
Q3063761	tnp	7500										
Q33416	kls	7500										
Q3441447	yup	7500										
Q36013	muz	7500										
Q7179700	xtm	7400										
Q3073568	aau	7270										
Q56883	arv	7210										
Q56286	dwa	7200										
Q3101212	txu	7100										
Q2877785	baa	7070										
Q33030	bsg	7030										
Q5529130	gzi	7030										
Q148971	isv	7000				1						
Q29960	eve	7000										
Q35138	quk	7000										
Q3775037	gnw	7000										
Q53493410		7000						1				
Q56422		7000						1				
Q6763970	mrz	7000										
Q746723	myu	7000										
Q56421	hop	6780										
Q36860	tin	6693										
Q15649021	kee	6680										
Q13286	dsb	6670										
Q3450812	byr	6600										
Q3913381	ruy	6600										
Q3342992	not	6500										
Q3382208	pio	6400										
Q3006705	cub	6300										
Q3915441	mcb	6200										
Q6965295	nac	6200										
Q62664215	ebk	6170										
Q56590	atj	6160										
Q34179	ydg	6150										
Q126708730		6000						1				
Q14916885	lwt	6000										
Q2603808	mrq	6000						1				
Q3082027	mch	6000										
Q33054	kap	6000										
Q33781		6000										
Q3446631	bsj	6000										
Q3446643	awo	6000										
Q35288	fpe	6000										
Q3877551	xka	6000										
Q56636	kpt	6000										
Q7812881	tdr	6000										
Q7960056	wca	6000										
Q962392	des	6000										
Q133980120		5819						1				
Q28427	cal	5700										
Q3182567	yad	5700										
Q34992	fab	5600										
Q56528	vaj	5600										
Q27183	ik	5580										
Q33256		5500										
Q7828400	mto	5500										
Q56615	bsw	5480										
Q11001779	dov	5430										
Q2828867	aji	5400										
Q12637318		5316									1	1
Q35950	cas	5300										
Q34029	yap	5130										
Q33170	ckt	5100										
Q10196		5087						1				
Q11137618	gyg	5000										
Q11173166	bdc	5000										
Q112913603		5000										
Q12473454	nea	5000										
Q129648	jje	5000										
Q13358	ruq	5000										
Q2031144	urk	5000										
Q3062751	wyy	5000										
Q3135432	pib	5000										
Q33060	bla	5000										
Q3440492	piy	5000										
Q35263	dae	5000										
Q36746	rap	5000										
Q36753	kdx	5000										
Q36942	yle	5000										
Q56558	xug	5000										
Q56844	nmy	5000										
Q6907057	gwg	5000										
Q7311570	reb	5000										
Q942602	lnc	5000						1				
Q3048461		4870									1	1
Q32878	dlg	4836										
Q7404262	sau	4800										
Q716695	xsy	4750										
Q34224	ybe	4600										
Q1767941		4537										
Q23807993	ukk	4500										
Q3041711	duq	4500										
Q6927540		4500									1	1
Q3502030	baj	4450										
Q12952760	sks	4400										
Q3327399	amn	4400										
Q56473	trg	4378						1				
Q13203	roo	4320										
Q3291159	kbt	4300										
Q523014	mus	4300										
Q626772		4300									1	1
Q2967709	scb	4279										
Q13229	nmn	4200										
Q5211943	idb	4180										
Q25559440	jih	4100										
Q1012917	wuh	4000										
Q1135134	paq	4000										
Q12473464	ror	4000										
Q2614111	xhe	4000						1				
Q2748259	plg	4000										
Q2842667	kbh	4000										
Q2882543	kpc	4000										
Q2982063	pjt	4000										
Q29902	yuy	4000										
Q3194294	pss	4000										
Q3327405	cpc	4000										
Q7402721	ckh	4000										
Q12953175	tge	3980										
Q2475442	cul	3900										
Q3504186	bbz	3900										
Q56317	byh	3900										
Q3055682	sja	3802										
Q34133	huq	3800										
Q3438729	sir	3800										
Q715760	tao	3800										
Q12952969	kte	3776						1				
Q33639	mnj	3770										
Q3517319		3700			1			1				
Q13339	moh	3500										
Q1982696	dba	3500										
Q2089984	sui	3500										
Q3305008	mxe	3500										
Q3450252	nhg	3500										
Q36199	kpy	3500										
Q56610	pbh	3500										
Q7399757	saj	3500										
Q33259	bbl	3420										
Q6444265	shd	3371										
Q36682	tkp	3324										
Q34097	tkl	3300										
Q34186	yah	3300										
Q6382179	hul	3240										
Q3398785	kxa	3200										
Q4849796	bls	3200										
Q36846	tok	3100				1						
Q1207611	cro	3000										
Q3027906	moc	3000										
Q3027918	pui	3000										
Q3095245	pwg	3000										
Q33918	lud	3000										
Q3398276	adn	3000										
Q3436621	abp	3000										
Q3436645	ahh	3000										
Q3438816	scw	3000										
Q36533	tfr	3000										
Q3912876	tow	3000										
Q4709168	sqk	3000										
Q5390255		3000									1	1
Q56398	auj	3000										
Q56657	kgr	3000										
Q6966574	nsy	3000										
Q7959375	wrx	3000										
Q33503	mte	2940										
Q2640935	huu	2900										
Q2980421	cui	2900										
Q3095108	gzn	2900										
Q56430		2874						1				
Q34139	cjs	2839										
Q7448845	sws	2839										
Q6881813	vmm	2800										
Q36665	pln	2788										
Q3915679	djr	2766										
Q11017443	mgn	2750										
Q6426967	kvv	2750										
Q3026110	yaa	2729										
Q2640646	yuz	2700										
Q3033554	bbh	2700										
Q3448149	mbq	2600										
Q3566001	gvc	2600										
Q36066	mue	2600										
Q4670715	aah	2560										
Q1639998	wbp	2507										
Q12953684	wpc	2500										
Q2017731		2500						1				
Q2655664	arw	2500										
Q32260	dlk	2500										
Q3440464	ktc	2500										
Q3508085	agv	2500										
Q7136862		2500									1	1
Q8050301	zav	2500										
Q3504147	bnd	2486										
Q28092	alq	2430										
Q18390055	klw	2400										
Q1844993	cax	2400										
Q2375468	boa	2400										
Q33265	chy	2400										
Q7398693	apz	2390										
Q2567055	cof	2300										
Q3441365	zrn	2240										
Q2669169	mcm	2200										
Q2981620	mcf	2200										
Q3028668	ddi	2200										
Q36837	uve	2200										
Q56634	ayo	2189										
Q3327423	alj	2150										
Q10974017	var	2136										
Q13272	den	2120										
Q3198924	coe	2100										
Q56885	tri	2100										
Q716681	tsu	2100										
Q1656014	tiw	2040										
Q13343	mdf	2025										
Q3913357	une	2023										
Q1256646		2000						1	1			
Q165795	fkv	2000										
Q220607	tsd	2000										
Q254950	ovd	2000										
Q3192950	kyj	2000										
Q33537	lkt	2000										
Q33904	nll	2000										
Q3436637	ceg	2000										
Q3438708	kil	2000										
Q3438799	tgd	2000										
Q35854	jbe	2000									1	
Q4508417		2000						1				
Q5286559	kvo	2000										
Q56252	jmb	2000										
Q56322	smj	2000										
Q6370196	kyd	2000										
Q6497414	lsl	2000										
Q7646993	sru	2000										
Q7706841	tez	2000										
Q3027909	pav	1930										
Q268130	mhn	1900						1				
Q2883843	bsn	1900										
Q16410220		1870						1				
Q3012604	mbp	1850										
Q7447500	slu	1823										
Q21481876	nkb	1800										
Q24952008		1800										
Q27993	ess	1800										
Q2840986	ams	1800										
Q3182551	tna	1800										
Q3327427	ali	1800										
Q3438356	ycn	1800										
Q3504312	pab	1800										
Q35235	cap	1800										
Q770547	lvk	1783										
Q1295107		1750										
Q56425	khv	1740										
Q20979	dgr	1735										
Q2523999	kmv	1726										
Q948514	hto	1705										
Q1406574	gup	1702										
Q2669254	con	1700										
Q3143384	jup	1700										
Q34037	woe	1700										
Q5908753	way	1700										
Q8047298	jal	1700										
Q3438373	knm	1650										
Q758570	auc	1650										
Q11732495	nib	1600										
Q4507276		1600						1				
Q18168288	kbc	1590										
Q6356317	irx	1570										
Q116849	cbn	1500										
Q1193712		1500						1				
Q12952538	syw	1500										
Q25562959		1500						1				
Q2562249		1500						1				
Q30334358		1500						1				
Q3130301	pnh	1500										
Q3196221	eso	1500										
Q3356620		1500						1				
Q3441097	slc	1500										
Q3514498	tlv	1500										
Q35934	ia	1500				1						
Q36162	jkr	1500										
Q56071779		1500						1				
Q56455	tee	1500										
Q56688	amp	1500										
Q7917585	vay	1500										
Q56638	kva	1450										
Q32986	bor	1400										
Q5138605	naz	1400										
Q6360672	xns	1400										
Q13303	gld	1390										
Q2410352	kei	1360										
Q2669214	amv	1347										
Q28070		1310						1				
Q3063517	pfa	1300										
Q3501268		1300									1	1
Q7418302	sny	1300										
Q2714654	aoi	1283										
Q32747	vep	1276										
Q20614	crx	1270										
Q33485	ket	1225										
Q1367309	orh	1200										
Q14916889	mqz	1200										
Q2475488		1200									1	1
Q2591230	cbs	1200										
Q29277	mwc	1200										
Q3477218	sey	1200										
Q3573266	yui	1200										
Q5166	kud	1200										
Q5359560	cbr	1200										
Q57333741	zsu	1160										
Q2976736	piv	1142										
Q1186896	nah	1135										
Q642843	cbu	1120										
Q3053275	jaa	1080										
Q4998124	bvr	1070										
Q33740	oru	1050										
Q56738	oia	1049										
Q3275059	myy	1032										
Q34008	sel	1023										
Q14916905	srw	1013										
Q14426329	kvy	1000										
Q2380124	psd	1000										
Q2669221	goe	1000										
Q27154	stq	1000						1				
Q2980375	guo	1000										
Q30304537		1000						1				
Q3182570	kxs	1000										
Q3260104	loj	1000										
Q3321131	air	1000										
Q33622	ruo	1000										
Q33811	shh	1000										
Q34081	trm	1000										
Q35121	abo	1000										
Q35278	kjj	1000										
Q3566166	wno	1000										
Q35845	ist	1000										
Q3775265	ktl	1000						1				
Q3914494	tak	1000										
Q3915522	kui	1000										
Q56392	tia	1000										
Q56417	arp	1000										
Q56564	huz	1000										
Q60069	wak	1000									1	1
Q34915	aqc	970										
Q718269	szy	958										
Q2591262	mwp	957										
Q56846	bkq	950										
Q33759	mns	938										
Q3107862	git	930										
Q32972	com	915										
Q3554582	mpr	910										
Q36583	sei	900										
Q56743	wut	900										
Q5876347	yau	900										
Q6668867	lcd	900										
Q245899		880						1				
Q28535	clc	860										
Q27792	tli	845										
Q12632888	ilu	842										
Q3346228	mbr	831										
Q25395221		800										
Q33411	hts	800										
Q33419	isk	800						1				
Q3450459	drn	800										
Q3516731	tkw	800										
Q3915520	vkp	800										
Q56512	anz	800										
Q7684320	twf	800										
Q33723	jct	785										
Q56543	kky	780										
Q27990		765							1			
Q3027930	xok	760										
Q915490		750						1				
Q33436	gdm	749										
Q3444486	rma	740										
Q56562	dny	740										
Q4246852		738						1				
Q13239	ulc	732										
Q13315	crg	730										
Q33676	neg	730										
Q2068190	nab	720										
Q2980381	ese	700										
Q3194265	knt	700										
Q36400	ngm	700										
Q3110470	goo	690										
Q21057	gwi	670										
Q1091095	gae	650										
Q2736980	apy	650										
Q3342138	ncg	610										
Q13281	sov	600										
Q13293	sma	600										
Q135296905		600						1				
Q25289	kw	600										
Q2591202	cao	600										
Q2640637	prc	600										
Q2879238	yha	600										
Q2992915	nce	600										
Q3192336	kay	600										
Q3327462	miw	600										
Q34207	kdd	600										
Q4073552		600						1				
Q56522	hix	600										
Q57333197	zsa	600										
Q6744946	mll	600										
Q7036821	nil	600	1									
Q7262966	pyy	600										
Q98113977		600						1				
Q3183144	pqm	590										
Q2520538	tue	570										
Q3307184	unk	570										
Q33395	gul	550										
Q3485116	snn	550										
Q867086	esy	550				1						
Q36554	pih	532										
Q3198399	kkk	530										
Q2822982	aca	514										
Q3273980	mbn	513										
Q2640628	kwk	500										
Q28181		500						1				
Q2883738	bao	500										
Q3178609	jic	500										
Q33656	sjd	500										
Q35128	amr	500										
Q3915557	cot	500										
Q56567	cji	500										
Q7692090	tsy	500										
Q85789135		500						1				
Q9344891	txi	500										
Q924405	cbc	482										
Q27992	ems	450										
Q36447	pkp	450										
Q63256977	jmw	450										
Q33443	jqr	448										
Q1755054	thp	440										
Q24190396	yro	430										
Q13271	sms	420										
Q136353553		400									1	
Q2524007	tav	400										
Q2664155		400						1				
Q3027953	srq	400										
Q32940		400									1	1
Q33797		400						1				
Q34243	yoi	400										
Q3450131	zem	400	1	1								
Q35143	dal	400										
Q3573115	yab	400										
Q3588942	eme	400										
Q36342	sbf	400										
Q37053	cim	400										
Q5328200	dmr	400										
Q56238	bxq	400										
Q56519	wam	400	1	1								
Q57000	bxd	400										
Q6940074	mmq	400										
Q33825	myp	389						1				
Q5621973	gvn	388										
Q3121073	yij	377										
Q6792550	mph	371										
Q2669225	ano	370										
Q3335011	mbj	370										
Q35162	cku	370										
Q28568		360										
Q3505859	suy	350										
Q3513326	auw	350										
Q36656	sjt	350										
Q7679471	kzd	350										
Q3095469		340						1				
Q3284890	wmd	340										
Q56807	aap	340										
Q6680287	lnn	340										
Q56467		335								1		
Q3299145	mpq	320										
Q3450522	wau	320										
Q2591184	kmq	319										
Q7022091	nay	312	1	1								
Q13197	btn	310										
Q2379405	nhv	310										
Q2669150	amc	310										
Q5268960	dhg	310										
Q2567934	ved	300										
Q28304	koy	300										
Q33462	smn	300										
Q36535	tnc	300										
Q36885	tsm	300										
Q36954	yee	300										
Q56648	bsa	300										
Q7842270	tip	300										
Q8063754	ctz	300										
Q389827	pad	290										
Q4308074	rmh	290										
Q4741706	aag	290										
Q35388	hur	285										
Q4023175	jur	280										
Q3450660	cbb	270										
Q6380124	ktx	270										
Q2618420		255									1	1
Q1440172	sac	250										
Q15342275	cox	250										
Q3111857	rey	250										
Q3192052	cbv	250										
Q33317	cod	250										
Q10510745	gnn	240										
Q3504087	bae	240	1	1								
Q7049771	nys	232										
Q3501838	mmh	230										
Q3532774		229						1				
Q11855245	cih	220										
Q2605703	mmp	220										
Q3485264	sri	220										
Q6416362	kis	220										
Q3063524	ngr	210										
Q35539	arr	210										
Q56423	akv	210										
Q56560	bph	210										
Q16334334	xjb	208										
Q20527402	bnh	207						1				
Q1145414	itk	200									1	
Q12952830	lnb	200										
Q13336	mhj	200										
Q146803	lfn	200				1						
Q17319895		200						1				
Q1764544	wrm	200										
Q27210	ale	200										
Q27867	afs	200						1				
Q2992892	ure	200	1	1								
Q3409307	tba	200										
Q3507928	aaf	200										
Q35397	bdk	200										
Q37005	zen	200										
Q510544	tno	200										
Q56428		200						1				
Q56443	rac	200										
Q56718	atw	200	1	1								
Q67331933		200						1				
Q36464	niv	198										
Q13316	mik	190										
Q3182577	oca	190										
Q6735599	mmm	180										
Q27864	bcr	175										
Q4830038	awe	170										
Q7878623	ukg	170										
Q1284877	gia	169										
Q20826	bea	160										
Q3111847	mep	156										
Q14916908	vis	150										
Q28086		150						1				
Q3027894	bmr	150										
Q3441762	cby	150	1	1								
Q35224	io	150				1						
Q3042278	kwa	142										
Q3114402	swx	140										
Q56395	yol	140	1	1				1				
Q56416	acy	140						1				
Q7689337	tbp	140										
Q56311	yug	134	1	1								
Q56515	gdo	130										
Q721182	kww	130										
Q3409301	irn	125										
Q36743	nio	125										
Q12294279	tpy	120										
Q33559	izh	120										
Q33627	ili	120										
Q5193784	cuo	112	1	1								
Q5223941	drl	110										
Q580923	bck	110										
Q36444	str	105										
Q13235	ude	103										
Q1185133	see	100										
Q13244	uln	100										
Q1815020	akz	100										
Q2567925	pby	100										
Q2669219	gni	100										
Q28281	tau	100										
Q3339226	nez	100										
Q33434	kut	100										
Q3446613	ans	100	1	1								
Q36520	pre	100										
Q56333	hux	100										
Q56415	sju	100										
Q732726	tae	100										
Q7878635	ukq	100										
Q8050347	ynu	95	1	1								
Q36848	kim	93										
Q6931573	dmw	92										
Q3441409	jru	91										
Q33303	hai	90										
Q3915412	kgs	90										
Q5699507	hei	90										
Q3052971	isc	82										
Q33624	itl	82										
Q958414	aro	81										
Q21058	aht	80										
Q33725	kdr	80										
Q27785	tfn	75										
Q33192	cic	75										
Q107548681	oak	70						1				
Q23855	auq	70										
Q3355834	ore	70										
Q56485	wym	70										
Q65056943	ehs	70										
Q716627	ckv	70										
Q534216		66						1				
Q32858	vot	62										
Q3446596	cuj	60										
Q5619801	gge	60										
Q6960662	nck	58										
Q32967	cay	55										
Q857858	one	55										
Q3200839	xwa	54										
Q3053283	yii	52										
Q1377116	avk	50				1						
Q1811224	aac	50										
Q2591221	arl	50										
Q27963	ynk	50										
Q3327384	amq	50										
Q3437607	teu	50										
Q35501	prg	50	1	1								
Q35785	mzs	50										
Q35850	ie	50				1						
Q4294095		50									1	1
Q4461794		50						1				
Q56314	sje	50										
Q56545	yux	50										
Q56804	brd	50										
Q6913275	mok	50										
Q7403694	sgu	50										
Q33928	oaa	47										
Q3193689	kju	45										
Q4975277	bpl	45										
Q33125	clw	44										
Q1077450	ono	40										
Q13583746	coo	40										
Q27782	ing	40										
Q28213	alr	40										
Q56319	ykg	40										
Q11732235	ibu	35										
Q13363	mez	35										
Q2669184	iqu	35										
Q28062	kuu	35										
Q36331	qvp	35										
Q56386	mrc	35										
Q56737	iow	33										
Q6443027	xpk	32										
Q10408315	amy	30						1				
Q10577443	zmt	30										
Q3913840	wrh	30	1	1								
Q68808509		30						1				
Q7129017	pmn	30										
Q8048030	jmd	30										
Q8050479	ywr	30										
Q967031	jeb	30										
Q3199022	xor	27										
Q17319799		26						1				
Q12953952	uma	25										
Q18650060	zma	25						1				
Q35783		25				1						
Q2591193	lrg	23	1	1								
Q10577273	zmd	20										
Q10577274	zmj	20										
Q10577501	zmy	20										
Q33638	mnc	20										
Q34198	was	20										
Q3571238	yar	20										
Q36738	nov	20				1						
Q36986	vo	20				1						
Q4817730	atc	20	1	1								
Q56631	kio	20										
Q6703368		20						1				
Q6773014	mfr	20										
Q28272	haa	19										
Q10577424	zmm	15										
Q117707514		15						1				
Q25559411	enh	15										
Q28565	taa	15										
Q6772792	zmr	15										
Q17502788	abe	14						1				
Q1288440	kyh	12										
Q2147917	alh	12										
Q2944443	csm	12										
Q36344	bxe	12										
Q36819		12				1						
Q56544	alc	12										
Q56946	mcg	12										
Q1977419	mud	11										
Q4261493	lio	11										
Q85746016		11										
Q10963262	ppr	10	1	1				1				
Q127627614		10						1				
Q12952505	huk	10	1	1								
Q2064378	pnk	10										
Q20968488		10						1				
Q27969	ain	10										
Q30249597	enf	10						1				
Q3397371	tpv	10						1				
Q3440512	xat	10										
Q3446655	cbd	10										
Q56539	ari	10										
Q56628	ats	10										
Q56751	paw	10										
Q61951665	yhs	10										
Q63259736	ltn	10										
Q6583617	scq	10										
Q7021846	nju	10										
Q716599	sxr	10										
Q14623791	idb	8										
Q28058	hup	8										
Q3450709	yaw	8										
Q35465	dbl	8										
Q3913770	gyd	8										
Q6310991	jus	8										
Q33630	kgg	7										
Q56429		7						1				
Q3111838	ncz	6	1	1								
Q4132581		6						1				
Q56438	chl	6										
Q8828608	btj	6						1				
Q8050525	xya	5.5	1	1								
Q33283	gin	5										
Q3450423	orw	5										
Q3507954	abg	5										
Q4356223	kxo	5	1	1								
Q5370356		5						1				
Q56609	atx	5										
Q56754	wnw	5										
Q7959489	wdj	5										
Q15338035	inp	4										
Q172244	xnb	4										
Q17319822		4						1				
Q2106984	tnx	4										
Q3027940	gta	4										
Q323325	zoq	4										
Q32915	crd	4										
Q56280	bdn	4										
Q7110494	oum	4	1	1								
Q10577823	zmg	3										
Q2618974	ngh	3										
Q33028	bdz	3										
Q3460478	sae	3										
Q7967859	wgg	3	1	1								
Q127686984		2						1				
Q2155119	ccc	2										
Q28064	tgx	2	1	1								
Q33663	omg	2										
Q5372139	noj	2										
Q5565906	giy	2	1	1								
Q6794377	mzx	2										
Q1957508	trr	1										
Q2484579	squ	1										
Q3029805	tit	1										
Q3396021	pej	1	1	1								
Q3450504	rgr	1										
Q3501747	pbg	1	1	1								
Q35173	chn	1										
Q5072718		1										
Q29572	ae	0	1		1							
Q33251	cu	0			1							
Q36727	pi	0			1							
Q2585922	os							1				
Q36157	lu											
