# country	iso	population	continents (P30, raw)	capitals (P36)
Q148	CN	1404890000	Q48	Q956
Q668	IN	1326093247	Q48	Q987
Q30	US	340110988	Q49	Q61
Q252	ID	275439000	Q48	Q3630
Q843	PK	223773700	Q48	Q1362
Q155	BR	213421037	Q18	Q2844
Q1033	NG	211400708	Q15	Q3787
Q902	BD	171466990	Q48	Q1354
Q159	RU	146119928	Q46|Q48|Q5401	Q649
Q96	MX	132274416	Q49	Q1489
Q115	ET	128691692	Q15	Q3624
Q17	JP	123802000	Q48	Q1490
Q79	EG	114535772	Q15	Q85
Q928	PH	112729484	Q48	Q1461
Q974	CD	105789731	Q15	Q3838
Q881	VN	96208984	Q48	Q1858
Q794	IR	92417700	Q48	Q3616
Q43	TR	85372377	Q46|Q48	Q3640
Q183	DE	83577140	Q46	Q64
Q142	FR	68605616	Q46	Q90
Q145	GB	67326569	Q46	Q84
Q869	TH	66188503	Q48	Q1861
Q258	ZA	62027503	Q15	Q3926|Q5465|Q37701
Q38	IT	58850717	Q46	Q220
Q924	TZ	57310019	Q15	Q3866
Q836	MM	53370609	Q48	Q37400
Q739	CO	52321152	Q18	Q2841
Q884	KR	51466201	Q48	Q8684
Q29	ES	48592909	Q46	Q2807
Q114	KE	48468138	Q15	Q3870
Q414	AR	47327407	Q18	Q1486
Q1036	UG	47123531	Q15	Q3894
Q262	DZ	46164219	Q15	Q3561
Q889	AF	41454761	Q48	Q5838
Q212	UA	41167335	Q46	Q1899
Q1049	SD	40533330	Q15	Q1963
Q796	IQ	38274618	Q48	Q1530
Q36	PL	37563071	Q46	Q270
Q16	CA	36991981	Q49	Q1930
Q1028	MA	36828330	Q15	Q3551
Q916	AO	36749906	Q15	Q3897
Q265	UZ	34915100	Q48	Q269
Q833	MY	34231700	Q48	Q1865
Q419	PE	34157732	Q18	Q2868
Q851	SA	33000000	Q48	Q3692
Q117	GH	32833031	Q15	Q3761
Q1019	MG	31964956	Q15	Q3915
Q717	VE	31250306	Q18	Q1533
Q1008	CI	31165654	Q15	Q3768
Q1029	MZ	29668834	Q15	Q3889
Q837	NP	29164578	Q48	Q3037
Q1009	CM	28372687	Q15	Q3808
Q805	YE	28250420	Q48	Q2471|Q131694
Q408	AU	27614411	Q55643	Q3114
Q423	KP	26418204	Q48	Q18808
Q858	SY	23865423	Q48	Q3766
Q865	TW	23262544	Q48	Q1867
Q965	BF	23025776	Q15	Q3777
Q912	ML	22395489	Q15	Q3703
Q1032	NE	21477348	Q15	Q3674
Q854	LK	21444000	Q48	Q35381|Q41963
Q232	KZ	20139914	Q46|Q48	Q1520
Q953	ZM	19610769	Q15	Q3881
Q298	CL	19458000	Q18	Q2887
Q657	TD	19319064	Q15	Q3659
Q218	RO	19053815	Q46	Q19660
Q1020	MW	17563749	Q15	Q3876
Q1006	GN	17521167	Q15	Q3733
Q424	KH	17423880	Q48	Q1850
Q774	GT	17263239	Q49	Q1555
Q29999	NL	17100715	Q46	Q727
Q736	EC	16938986	Q18	Q2900
Q1041	SN	16876720	Q15	Q3718
Q954	ZW	15178979	Q15	Q3921
Q1037	RW	14569341	Q15	Q3859
Q962	BJ	14111034	Q15	Q3799
Q967	BI	13689450	Q15	Q167551
Q958	SS	12575714	Q15	Q1947
Q750	BO	12244159	Q18	Q1491|Q2907
Q31	BE	11825551	Q46	Q239
Q948	TN	11565204	Q15	Q3572
Q1045	SO	11031386	Q15	Q2449
Q241	CU	10985974	Q49	Q1563
Q790	HT	10981229	Q49	Q34261
Q213	CZ	10909500	Q46	Q1085
Q786	DO	10760028	Q49	Q34820
Q34	SE	10609460	Q46	Q1754
Q41	GR	10482487	Q46	Q1524
Q810	JO	10428241	Q48	Q3805
Q45	PT	10347892	Q46	Q597
Q227	AZ	10180770	Q48	Q9248
Q878	AE	9890400	Q48	Q1519
Q801	IL	9840000	Q48	Q1218
Q28	HU	9603634	Q46	Q1781
Q863	TJ	9504000	Q48	Q9365
Q39	CH	9104063	Q46	Q70
Q184	BY	9056080	Q46	Q2280
Q40	AT	8979894	Q46	Q1741
Q691	PG	8935000	Q55643	Q36526
Q783	HN	8303771	Q49	Q3238
Q945	TG	7797694	Q15	Q3792
Q1044	SL	7557212	Q15	Q3780
Q1016	LY	7381023	Q15	Q3579
Q813	KG	7281800	Q48	Q9361
Q819	LA	6858160	Q48	Q9326
Q733	PY	6811297	Q18	Q2933
Q403	RS	6605168	Q46	Q3711
Q219	BG	6423207	Q46	Q472
Q971	CG	6142180	Q15	Q3844
Q874	TM	6117933	Q48	Q23438
Q822	LB	6100075	Q48	Q3820
Q792	SV	6029976	Q49	Q3110
Q756617		5930987	Q46	Q1748
Q334	SG	5866139	Q48	Q334
Q33	FI	5652881	Q46	Q1757
Q20	NO	5627400	Q46	Q585
Q214	SK	5409407	Q46	Q1780
Q664	NZ	5307800	Q55643	Q23661
Q800	CR	5265575	Q49	Q3070
Q219060	PS	5227193	Q48	Q158119|Q212938
Q1014	LR	5214030	Q15	Q3748
Q929	CF	5152421	Q15	Q3832
Q27	IE	5149139	Q46	Q1761
Q811	NI	5142098	Q49	Q3274
Q842	OM	4829480	Q48	Q3826
Q1025	MR	4736139	Q15	Q3688
Q804	PA	4570133	Q49	Q3306
Q817	KW	4464000	Q48	Q35178
Q230	GE	3929581	Q46	Q994
Q224	HR	3871833	Q46	Q1435
Q225	BA	3816459	Q46	Q11194
Q986	ER	3497000	Q15	Q3642
Q77	UY	3444263	Q18	Q1335
Q711	MN	3409939	Q48	Q23430
Q399	AM	2930450	Q48	Q1953
Q37	LT	2860002	Q46	Q216
Q222	AL	2811655	Q46	Q19689
Q766	JM	2697983	Q49	Q34692
Q1005	GM	2639916	Q15	Q3726
Q846	QA	2639211	Q48	Q3861
Q1030	NA	2533794	Q15	Q3935
Q963	BW	2480244	Q15	Q3919
Q217	MD	2409207	Q46	Q21197
Q215	SI	2066880	Q46	Q437
Q1000	GA	2025137	Q15	Q3825
Q1013	LS	2007201	Q15	Q3909
Q1007	GW	1861283	Q15	Q3739
Q983	GQ	1847549	Q15	Q1140136
Q211	LV	1845096	Q46	Q1773
Q221	MK	1836713	Q46	Q384
Q1246	XK	1586659	Q46	Q25270
Q398	BH	1569666	Q48	Q3882
Q574	TL	1400638	Q48	Q9310
Q191	EE	1369995	Q46	Q1770
Q754	TT	1369125	Q49	Q39178
Q229	CY	1344976	Q46	Q3856
Q1027	MU	1264613	Q15	Q3929
Q1050	SZ	1230506	Q15	Q3904|Q101418
Q977	DJ	1152944	Q15	Q3604
Q712	FJ	926276	Q538	Q38807
Q970	KM	902348	Q15	Q3901
Q734	GY	878674	Q18	Q10717
Q917	BT	787424	Q48	Q9270
Q32	LU	690959	Q46	Q1842
Q236	ME	617213	Q46	Q23564
Q685	SB	611343	Q538|Q55643	Q40921
Q730	SR	563402	Q18	Q3001
Q1011	CV	555988	Q15	Q3751
Q233	MT	553214	Q46	Q23800
Q921	BN	458949	Q48	Q9279
Q826	MV	436330	Q48	Q9347
Q242	BZ	411106	Q49	Q3043
Q778	BS	399440	Q49	Q2467
Q189	IS	364260	Q46	Q1764
Q244	BB	303431	Q49	Q36168
Q686	VU	300019	Q538	Q37806
Q1039	ST	204327	Q15	Q3932
Q683	WS	200010	Q55643	Q36260
Q760	LC	167591	Q49	Q41699
Q710	KI	134518	Q538|Q55643	Q131233
Q1042	SC	119773	Q15	Q3940
Q769	GD	114299	Q49	Q41547
Q757	VC	109897	Q49	Q41474
Q678	TO	108020	Q55643	Q38834
Q781	AG	101489	Q49	Q36262
Q228	AD	89752	Q46	Q1863
Q702	FM	75817	Q55643	Q42751
Q784	DM	74656	Q49	Q36281
Q709	MH	53127	Q55643	Q12919
Q763	KN	46922	Q49	Q41295
Q235	MC	38857	Q46	Q235
Q347	LI	37922	Q46	Q1844
Q238	SM	33600	Q46	Q1848
Q695	PW	21729	Q538|Q55643	Q515229
Q697	NR	13650	Q55643	Q31026
Q672	TV	10643	Q538|Q55643	Q34126
Q237	VA	882	Q46	Q237
Q141191391				
